<?xml version=\"1.0\"?>

<data> 
	<datatype>dicom_cardiac</datatype>
	<directory>./CD1</directory>
	<periodic_motion>true</periodic_motion>					<!-- optional - default value = false -->
	<accurate_volume_filling>false</accurate_volume_filling>		<!-- optional - default value = false -->
	<use_first_timeframe_only>true</use_first_timeframe_only>
	<volume_size>								<!-- only needed if size_volume_known = true -->
		<x>89</x>
		<y>78</y>
		<z>104</z>
	</volume_size>
	<ROI_offset>								<!-- only needed if size_volume_known = true -->
		<x>47</x>
		<y>42</y>
		<z>-15</z>
	</ROI_offset>
</data>

<RBF>
	<beta>3</beta>
	<psi>
		<index>1</index>
		<gamma>2</gamma>
		<dirac_width>1</dirac_width>
	</psi>
	<borders>								<!-- optional - default value = [20, 20, 20, 20] -->
		<x>20</x>							<!-- in pixels -->
		<y>20</y>
		<z>20</z>
		<t>0</t>
	</borders>
</RBF>

<level_set>
	<initialisation>circle</initialisation>					<!-- optional - default value = circle - other possible value: nifti (requires nifti_file as an element of phi, that contains the path/name of the nifti file) -->
	<phi>
		<index>1</index>
		<circle>
			<center>
				<x>40</x>					<!-- in pixels -->
				<y>46</y>
				<z>44</z>
				<t>0</t>
			</center>
			<radius>7.6</radius>					<!-- in pixels -->
		</circle>
	</phi>
	<phi>
		<index>2</index>
		<circle>
			<center>
				<x>57</x>					<!-- in pixels -->
				<y>27</y>
				<z>47</z>
				<t>0</t>
			</center>
			<radius>5</radius>					<!-- in pixels -->
		</circle>
	</phi>
</level_set>

<speed_function>
	<SF_data>
		<name>CV</name>
	</SF_data>
</speed_function>

<scheme>simple</scheme>

<registration>									<!-- optional - no registration if not provided -->
	<global_variant>false</global_variant>					<!-- optional - default value = false -->
	<selection_of_connected_regions>false</selection_of_connected_regions>	<!-- optional - default value = false - only used if global_variant = true -->
	<slice_wise>true</slice_wise>						<!-- optional - decided on type of data if not provided -->
	<shifts_in_one_plane_at_beginning>2</shifts_in_one_plane_at_beginning><!-- optional - possible values: 0 (no plane selection), 1 (image plane), 2 (reference plane, i.e. SA place for dicom_cardiac) - default value = 0 -->
	<wait_before_full_translation>50</wait_before_full_translation>
	<wait_before_rotation>100</wait_before_rotation>			<!-- optional - number of iterations - default value = 0 -->
</registration>

<display>2</display>								<!-- optional - possible values: 0 (no display), 1 (minimal display), 2 (full display) - default value = 0 -->

<stop_condition>
	<step>
		<index>1</index>
		<nb_iterations>300</nb_iterations>				<!-- optional - either nb_iterations or nb_stable_iterations must be defined -->
	</step>
</stop_condition>
