<?xml version=\"1.0\"?>

<data> 
	<datatype>2D</datatype>
	<directory>./NB</directory>
</data>

<RBF>
	<beta>2</beta>
	<psi>
		<gamma>1</gamma>
		<dirac_width>1</dirac_width>
	</psi>
	<borders>								<!-- optional - default value = [20, 20, 20, 20] -->
		<x>20</x>							<!-- in pixels -->
		<y>20</y>
		<z>20</z>
		<t>0</t>
	</borders>
</RBF>

<level_set>
	<initialisation>mask</initialisation>
	<phi>
		<mask_file>./mask_NB</mask_file>
	</phi>
</level_set>

<speed_function>
	<SF_data>
		<name>CV</name>
	</SF_data>
</speed_function>

<scheme>simple</scheme>

<display>2</display>								<!-- optional - possible values: 0 (no display), 1 (minimal display), 2 (full display) - default value = 0 -->

<stop_condition>
	<step>
		<index>1</index>
		<nb_iterations>150</nb_iterations>				<!-- optional - either nb_iterations or nb_stable_iterations must be defined -->
	</step>
</stop_condition>
